---
# GitHub Pages process this file through Jekyll,
# which transforms this header into a valid JSON

# Source: https://forum.fairphone.com/t/pencil2-list-of-local-repair-shops-that-are-familiar-with-fairphones-by-city/19032
# Country: ISO 3166-1 alpha-2

repairshops:
  - name: Smartphoneklinik Berlin-Lichtenberg
    address: Frankfurter Allee 235
    zipcode: 10365
    city: Berlin
    country: de
    lat_lng: [52.5120287,13.496141]
    website: https://www.smartphoneklinik.com/
  - name: Smartphoneklinik Berlin-Köpenick
    address: Bahnhofstraße 17
    zipcode: 12555
    city: Berlin
    country: de
    lat_lng: [52.45664905,13.5780567881823]
    website: https://www.smartphoneklinik.com/
  - name: Letz Talk Fones
    address: 382 Great Horton Road
    zipcode: BD7 3HS
    city: Bradford
    country: gb
    lat_lng: [53.786462, -1.775262]
    website: http://www.letztalk.co.uk/
  - name: Logicboard Repair
    address: ""
    zipcode: ""
    city: Bussum
    country: nl
    lat_lng: [52.2774207,5.1627465]
    website: http://www.logicboardrepair.nl/
  - name: E-Products
    address: Klosterstraße 68a
    zipcode: 40211
    city: Düsseldorf
    country: de
    lat_lng: [51.22486895,6.78855473645105]
    website: http://e-products.de/
  - name: RitterGSM
    address: Weidengasse 18
    zipcode: 50668
    city: Köln
    country: de
    lat_lng: [50.94788185,6.95579589902017]
    website: http://www.rittergsm.de/
  - name: n-handy
    address: Rüppurrerstraße 10
    zipcode: 76137
    city: Karlsruhe
    country: de
    lat_lng: [49.0034686,8.41010166632997]
    website: http://n-handyrepair.de/
  - name: Handyshop Klagenfurt
    address: Bahnhofstraße 22
    zipcode: 9020
    city: Klagenfurt
    country: at
    lat_lng: [46.6226378,14.3106474]
    website: http://www.handyshop-klagenfurt.at/
  - name: EMS-Connect
    address: Damaschkestraße 27
    zipcode: 49811
    city: Lingen
    country: de
    lat_lng: [52.541917, 7.351751]
    website: http://www.ems-connect.de/
  - name: France-GSM
    address: 30 Place Nouvelle Aventure
    zipcode: 59000
    city: Lille
    country: fr
    lat_lng: [50.626037, 3.049125]
    website: https://www.france-gsm.com/
  - name: Full Repairing
    address: Calle Montejurra, 23
    zipcode: 28017
    city: Madrid
    country: es
    lat_lng: [40.425355, -3.655935]
    website: https://www.fullrepairing.es/
  - name: Wings Handy
    address: Bahnhofplatz 2
    zipcode: 80335
    city: München
    country: de
    lat_lng: [48.1406259,11.55991425]
    website: http://www.wingshandy.com/
  - name: Univers Mobile
    address: 168 rue du Faubourg Saint Antoine
    zipcode: 75012
    city: Paris
    country: fr
    lat_lng: [48.8502727,2.3816998]
    website: http://www.universmobileparis.com/
  - name: handy-werk.at
    address: Neubaugasse 1
    zipcode: 1070
    city: Wien
    country: at
    lat_lng: [48.1985663,16.3497639]
    website: http://handy-werk.at/
  - name: Mobiltec 24
    address: Leipziger Straße 178
    zipcode: 08058
    city: Zwickau
    country: de
    lat_lng: [50.7393028,12.4896658]
    website: http://www.mobiltec24.de/reparatur/
---
{
  "list": {{ page.repairshops | jsonify }}
}
